Region,Total_Profit
West,106021.14950000007
East,90672.01270000022
South,46035.68900000004
Central,40128.903
